<Root>
  <child>
    <name>aaa</name>
    <description>фыафыафыафыафаы</description>
    <previewImage>https://raw.githubusercontent.com/PoleznayaAqua/GetInfo/main/images/w7fhvlH27Q72Ebx8SCe5.jpg</previewImage>
    <backgroundImage>https://proprikol.ru/wp-content/uploads/2020/07/kartinki-zimnij-vecher-55.jpg</backgroundImage>
  </child>
<child>
    <name>bbb</name>
    <description>паырпаиакм</description>
    <previewImage>https://raw.githubusercontent.com/PoleznayaAqua/GetInfo/main/images/w7fhvlH27Q72Ebx8SCe5.jpg</previewImage>
    <backgroundImage>https://raw.githubusercontent.com/PoleznayaAqua/GetInfo/main/images/1574605325_46.jpg</backgroundImage>
  </child>
</Root>
